[{"language": "go", "commands": [{"name": "build", "cmd": "go build"}, {"name": "run", "cmd": "go run"}], "installer": [{"os": "linux", "installerFile": "/data-root/install.sh", "installerSource": "go1.6.installer.tar.gz"}, {"os": "windows", "installerFile": "installer.bat", "installerSource": "go.6.installer.exe"}] }, {"language": "Java", "commands": [{"name": "compile", "cmd": "java c"}, {"name": "run", "cmd": "java"}], "installer": [{"os": "linux", "installerFile": "/data-root/install.sh", "installerSource": "go1.6.installer.tar.gz"}, {"os": "windows", "installerFile": "installer.bat", "installerSource": "go.6.installer.exe"}]}]