{
	"_id": 1,
	"text": "webtemplate",
	"expanded": true,
	"spriteCssClass": "folder",
	"items": [
		{
			"_id": 230,
			"text": "eaciittemplate.go",
			"expanded": false,
			"spriteCssClass": "go",
			"items": null
		},
		{
			"_id": 233,
			"text": "view",
			"expanded": true,
			"spriteCssClass": "folder",
			"items": [
				{
					"_id": 234,
					"text": "index.html",
					"expanded": false,
					"spriteCssClass": "html",
					"items": null
				},
				{
					"_id": 235,
					"text": "widget.html",
					"expanded": false,
					"spriteCssClass": "html",
					"items": null
				}
			]
		},
		{
			"_id": 226,
			"text": "config",
			"expanded": true,
			"spriteCssClass": "folder",
			"items": [
				{
					"_id": 229,
					"text": "topmenu.json",
					"expanded": false,
					"spriteCssClass": "json",
					"items": null
				},
				{
					"_id": 228,
					"text": "leftmenu.json",
					"expanded": false,
					"spriteCssClass": "json",
					"items": null
				},
				{
					"_id": 227,
					"text": "addwidget.html",
					"expanded": false,
					"spriteCssClass": "html",
					"items": null
				}
			]
		},
		{
			"_id": 2,
			"text": "asset",
			"expanded": true,
			"spriteCssClass": "folder",
			"items": [
				{
					"_id": 181,
					"text": "img",
					"expanded": true,
					"spriteCssClass": "folder",
					"items": [
						{
							"_id": 184,
							"text": "bulletgreen.png",
							"expanded": false,
							"spriteCssClass": "image",
							"items": null
						},
						{
							"_id": 186,
							"text": "logo.png",
							"expanded": false,
							"spriteCssClass": "image",
							"items": null
						},
						{
							"_id": 182,
							"text": "backgroudheader.jpg",
							"expanded": false,
							"spriteCssClass": "jpg",
							"items": null
						},
						{
							"_id": 183,
							"text": "bulletblue.png",
							"expanded": false,
							"spriteCssClass": "image",
							"items": null
						},
						{
							"_id": 187,
							"text": "logoeaciittrans.png",
							"expanded": false,
							"spriteCssClass": "image",
							"items": null
						},
						{
							"_id": 185,
							"text": "bulletred.png",
							"expanded": false,
							"spriteCssClass": "image",
							"items": null
						}
					]
				},
				{
					"_id": 15,
					"text": "fonts",
					"expanded": true,
					"spriteCssClass": "folder",
					"items": [
						{
							"_id": 19,
							"text": "fontawesome-webfont.woff",
							"expanded": false,
							"spriteCssClass": "woff",
							"items": null
						},
						{
							"_id": 20,
							"text": "FontAwesome.otf",
							"expanded": false,
							"spriteCssClass": "otf",
							"items": null
						},
						{
							"_id": 18,
							"text": "fontawesome-webfont.ttf",
							"expanded": false,
							"spriteCssClass": "ttf",
							"items": null
						},
						{
							"_id": 22,
							"text": "glyphicons-halflings-regular.svg",
							"expanded": false,
							"spriteCssClass": "svg",
							"items": null
						},
						{
							"_id": 16,
							"text": "fontawesome-webfont.eot",
							"expanded": false,
							"spriteCssClass": "eot",
							"items": null
						},
						{
							"_id": 24,
							"text": "glyphicons-halflings-regular.woff",
							"expanded": false,
							"spriteCssClass": "woff",
							"items": null
						},
						{
							"_id": 25,
							"text": "glyphicons-halflings-regular.woff2",
							"expanded": false,
							"spriteCssClass": "woff2",
							"items": null
						},
						{
							"_id": 23,
							"text": "glyphicons-halflings-regular.ttf",
							"expanded": false,
							"spriteCssClass": "ttf",
							"items": null
						},
						{
							"_id": 17,
							"text": "fontawesome-webfont.svg",
							"expanded": false,
							"spriteCssClass": "svg",
							"items": null
						},
						{
							"_id": 21,
							"text": "glyphicons-halflings-regular.eot",
							"expanded": false,
							"spriteCssClass": "eot",
							"items": null
						}
					]
				},
				{
					"_id": 3,
					"text": "css",
					"expanded": true,
					"spriteCssClass": "folder",
					"items": [
						{
							"_id": 8,
							"text": "bootstrap.css.map",
							"expanded": false,
							"spriteCssClass": "map",
							"items": null
						},
						{
							"_id": 4,
							"text": "bootstrap-theme.css",
							"expanded": false,
							"spriteCssClass": "css",
							"items": null
						},
						{
							"_id": 13,
							"text": "overlay.less",
							"expanded": false,
							"spriteCssClass": "less",
							"items": null
						},
						{
							"_id": 5,
							"text": "bootstrap-theme.css.map",
							"expanded": false,
							"spriteCssClass": "map",
							"items": null
						},
						{
							"_id": 9,
							"text": "bootstrap.min.css",
							"expanded": false,
							"spriteCssClass": "css",
							"items": null
						},
						{
							"_id": 10,
							"text": "custom.css",
							"expanded": false,
							"spriteCssClass": "css",
							"items": null
						},
						{
							"_id": 14,
							"text": "site.css",
							"expanded": false,
							"spriteCssClass": "css",
							"items": null
						},
						{
							"_id": 12,
							"text": "overlay.css",
							"expanded": false,
							"spriteCssClass": "css",
							"items": null
						},
						{
							"_id": 7,
							"text": "bootstrap.css",
							"expanded": false,
							"spriteCssClass": "css",
							"items": null
						},
						{
							"_id": 11,
							"text": "font-awesome.css",
							"expanded": false,
							"spriteCssClass": "css",
							"items": null
						},
						{
							"_id": 6,
							"text": "bootstrap-theme.min.css",
							"expanded": false,
							"spriteCssClass": "css",
							"items": null
						}
					]
				},
				{
					"_id": 26,
					"text": "iconpack",
					"expanded": true,
					"spriteCssClass": "folder",
					"items": [
						{
							"_id": 27,
							"text": "eps",
							"expanded": true,
							"spriteCssClass": "folder",
							"items": [
								{
									"_id": 59,
									"text": "shop1.eps",
									"expanded": false,
									"spriteCssClass": "eps",
									"items": null
								},
								{
									"_id": 46,
									"text": "news.eps",
									"expanded": false,
									"spriteCssClass": "eps",
									"items": null
								},
								{
									"_id": 39,
									"text": "display14.eps",
									"expanded": false,
									"spriteCssClass": "eps",
									"items": null
								},
								{
									"_id": 57,
									"text": "see.eps",
									"expanded": false,
									"spriteCssClass": "eps",
									"items": null
								},
								{
									"_id": 62,
									"text": "small58.eps",
									"expanded": false,
									"spriteCssClass": "eps",
									"items": null
								},
								{
									"_id": 74,
									"text": "wallet.eps",
									"expanded": false,
									"spriteCssClass": "eps",
									"items": null
								},
								{
									"_id": 47,
									"text": "noodle.eps",
									"expanded": false,
									"spriteCssClass": "eps",
									"items": null
								},
								{
									"_id": 45,
									"text": "location4.eps",
									"expanded": false,
									"spriteCssClass": "eps",
									"items": null
								},
								{
									"_id": 29,
									"text": "big58.eps",
									"expanded": false,
									"spriteCssClass": "eps",
									"items": null
								},
								{
									"_id": 28,
									"text": "banknote.eps",
									"expanded": false,
									"spriteCssClass": "eps",
									"items": null
								},
								{
									"_id": 61,
									"text": "small57.eps",
									"expanded": false,
									"spriteCssClass": "eps",
									"items": null
								},
								{
									"_id": 48,
									"text": "note2.eps",
									"expanded": false,
									"spriteCssClass": "eps",
									"items": null
								},
								{
									"_id": 35,
									"text": "camera7.eps",
									"expanded": false,
									"spriteCssClass": "eps",
									"items": null
								},
								{
									"_id": 56,
									"text": "search3.eps",
									"expanded": false,
									"spriteCssClass": "eps",
									"items": null
								},
								{
									"_id": 58,
									"text": "settings3.eps",
									"expanded": false,
									"spriteCssClass": "eps",
									"items": null
								},
								{
									"_id": 41,
									"text": "heart3.eps",
									"expanded": false,
									"spriteCssClass": "eps",
									"items": null
								},
								{
									"_id": 38,
									"text": "diamons.eps",
									"expanded": false,
									"spriteCssClass": "eps",
									"items": null
								},
								{
									"_id": 67,
									"text": "stack.eps",
									"expanded": false,
									"spriteCssClass": "eps",
									"items": null
								},
								{
									"_id": 37,
									"text": "data3.eps",
									"expanded": false,
									"spriteCssClass": "eps",
									"items": null
								},
								{
									"_id": 60,
									"text": "small56.eps",
									"expanded": false,
									"spriteCssClass": "eps",
									"items": null
								},
								{
									"_id": 30,
									"text": "big59.eps",
									"expanded": false,
									"spriteCssClass": "eps",
									"items": null
								},
								{
									"_id": 50,
									"text": "paperclip2.eps",
									"expanded": false,
									"spriteCssClass": "eps",
									"items": null
								},
								{
									"_id": 63,
									"text": "small59.eps",
									"expanded": false,
									"spriteCssClass": "eps",
									"items": null
								},
								{
									"_id": 44,
									"text": "like.eps",
									"expanded": false,
									"spriteCssClass": "eps",
									"items": null
								},
								{
									"_id": 72,
									"text": "user12.eps",
									"expanded": false,
									"spriteCssClass": "eps",
									"items": null
								},
								{
									"_id": 36,
									"text": "cup4.eps",
									"expanded": false,
									"spriteCssClass": "eps",
									"items": null
								},
								{
									"_id": 49,
									"text": "packet.eps",
									"expanded": false,
									"spriteCssClass": "eps",
									"items": null
								},
								{
									"_id": 70,
									"text": "tag6.eps",
									"expanded": false,
									"spriteCssClass": "eps",
									"items": null
								},
								{
									"_id": 71,
									"text": "tv1.eps",
									"expanded": false,
									"spriteCssClass": "eps",
									"items": null
								},
								{
									"_id": 51,
									"text": "paperplane.eps",
									"expanded": false,
									"spriteCssClass": "eps",
									"items": null
								},
								{
									"_id": 53,
									"text": "pen3.eps",
									"expanded": false,
									"spriteCssClass": "eps",
									"items": null
								},
								{
									"_id": 40,
									"text": "fire.eps",
									"expanded": false,
									"spriteCssClass": "eps",
									"items": null
								},
								{
									"_id": 43,
									"text": "leaf5.eps",
									"expanded": false,
									"spriteCssClass": "eps",
									"items": null
								},
								{
									"_id": 34,
									"text": "camera6.eps",
									"expanded": false,
									"spriteCssClass": "eps",
									"items": null
								},
								{
									"_id": 65,
									"text": "small61.eps",
									"expanded": false,
									"spriteCssClass": "eps",
									"items": null
								},
								{
									"_id": 73,
									"text": "vynil.eps",
									"expanded": false,
									"spriteCssClass": "eps",
									"items": null
								},
								{
									"_id": 69,
									"text": "t1.eps",
									"expanded": false,
									"spriteCssClass": "eps",
									"items": null
								},
								{
									"_id": 32,
									"text": "blockade.eps",
									"expanded": false,
									"spriteCssClass": "eps",
									"items": null
								},
								{
									"_id": 55,
									"text": "photo3.eps",
									"expanded": false,
									"spriteCssClass": "eps",
									"items": null
								},
								{
									"_id": 31,
									"text": "big60.eps",
									"expanded": false,
									"spriteCssClass": "eps",
									"items": null
								},
								{
									"_id": 52,
									"text": "parameters.eps",
									"expanded": false,
									"spriteCssClass": "eps",
									"items": null
								},
								{
									"_id": 64,
									"text": "small60.eps",
									"expanded": false,
									"spriteCssClass": "eps",
									"items": null
								},
								{
									"_id": 33,
									"text": "bubble1.eps",
									"expanded": false,
									"spriteCssClass": "eps",
									"items": null
								},
								{
									"_id": 68,
									"text": "study.eps",
									"expanded": false,
									"spriteCssClass": "eps",
									"items": null
								},
								{
									"_id": 42,
									"text": "lab.eps",
									"expanded": false,
									"spriteCssClass": "eps",
									"items": null
								},
								{
									"_id": 75,
									"text": "world5.eps",
									"expanded": false,
									"spriteCssClass": "eps",
									"items": null
								},
								{
									"_id": 66,
									"text": "sound.eps",
									"expanded": false,
									"spriteCssClass": "eps",
									"items": null
								},
								{
									"_id": 54,
									"text": "phone12.eps",
									"expanded": false,
									"spriteCssClass": "eps",
									"items": null
								}
							]
						},
						{
							"_id": 83,
							"text": "png",
							"expanded": true,
							"spriteCssClass": "folder",
							"items": [
								{
									"_id": 95,
									"text": "display14.png",
									"expanded": false,
									"spriteCssClass": "image",
									"items": null
								},
								{
									"_id": 107,
									"text": "paperplane.png",
									"expanded": false,
									"spriteCssClass": "image",
									"items": null
								},
								{
									"_id": 120,
									"text": "small60.png",
									"expanded": false,
									"spriteCssClass": "image",
									"items": null
								},
								{
									"_id": 114,
									"text": "settings3.png",
									"expanded": false,
									"spriteCssClass": "image",
									"items": null
								},
								{
									"_id": 108,
									"text": "parameters.png",
									"expanded": false,
									"spriteCssClass": "image",
									"items": null
								},
								{
									"_id": 100,
									"text": "like.png",
									"expanded": false,
									"spriteCssClass": "image",
									"items": null
								},
								{
									"_id": 126,
									"text": "tag6.png",
									"expanded": false,
									"spriteCssClass": "image",
									"items": null
								},
								{
									"_id": 85,
									"text": "big58.png",
									"expanded": false,
									"spriteCssClass": "image",
									"items": null
								},
								{
									"_id": 111,
									"text": "photo3.png",
									"expanded": false,
									"spriteCssClass": "image",
									"items": null
								},
								{
									"_id": 102,
									"text": "news.png",
									"expanded": false,
									"spriteCssClass": "image",
									"items": null
								},
								{
									"_id": 128,
									"text": "user12.png",
									"expanded": false,
									"spriteCssClass": "image",
									"items": null
								},
								{
									"_id": 119,
									"text": "small59.png",
									"expanded": false,
									"spriteCssClass": "image",
									"items": null
								},
								{
									"_id": 90,
									"text": "camera6.png",
									"expanded": false,
									"spriteCssClass": "image",
									"items": null
								},
								{
									"_id": 93,
									"text": "data3.png",
									"expanded": false,
									"spriteCssClass": "image",
									"items": null
								},
								{
									"_id": 125,
									"text": "t1.png",
									"expanded": false,
									"spriteCssClass": "image",
									"items": null
								},
								{
									"_id": 113,
									"text": "see.png",
									"expanded": false,
									"spriteCssClass": "image",
									"items": null
								},
								{
									"_id": 118,
									"text": "small58.png",
									"expanded": false,
									"spriteCssClass": "image",
									"items": null
								},
								{
									"_id": 124,
									"text": "study.png",
									"expanded": false,
									"spriteCssClass": "image",
									"items": null
								},
								{
									"_id": 121,
									"text": "small61.png",
									"expanded": false,
									"spriteCssClass": "image",
									"items": null
								},
								{
									"_id": 84,
									"text": "banknote.png",
									"expanded": false,
									"spriteCssClass": "image",
									"items": null
								},
								{
									"_id": 98,
									"text": "lab.png",
									"expanded": false,
									"spriteCssClass": "image",
									"items": null
								},
								{
									"_id": 99,
									"text": "leaf5.png",
									"expanded": false,
									"spriteCssClass": "image",
									"items": null
								},
								{
									"_id": 106,
									"text": "paperclip2.png",
									"expanded": false,
									"spriteCssClass": "image",
									"items": null
								},
								{
									"_id": 94,
									"text": "diamons.png",
									"expanded": false,
									"spriteCssClass": "image",
									"items": null
								},
								{
									"_id": 117,
									"text": "small57.png",
									"expanded": false,
									"spriteCssClass": "image",
									"items": null
								},
								{
									"_id": 101,
									"text": "location4.png",
									"expanded": false,
									"spriteCssClass": "image",
									"items": null
								},
								{
									"_id": 86,
									"text": "big59.png",
									"expanded": false,
									"spriteCssClass": "image",
									"items": null
								},
								{
									"_id": 116,
									"text": "small56.png",
									"expanded": false,
									"spriteCssClass": "image",
									"items": null
								},
								{
									"_id": 104,
									"text": "note2.png",
									"expanded": false,
									"spriteCssClass": "image",
									"items": null
								},
								{
									"_id": 105,
									"text": "packet.png",
									"expanded": false,
									"spriteCssClass": "image",
									"items": null
								},
								{
									"_id": 96,
									"text": "fire.png",
									"expanded": false,
									"spriteCssClass": "image",
									"items": null
								},
								{
									"_id": 103,
									"text": "noodle.png",
									"expanded": false,
									"spriteCssClass": "image",
									"items": null
								},
								{
									"_id": 122,
									"text": "sound.png",
									"expanded": false,
									"spriteCssClass": "image",
									"items": null
								},
								{
									"_id": 89,
									"text": "bubble1.png",
									"expanded": false,
									"spriteCssClass": "image",
									"items": null
								},
								{
									"_id": 115,
									"text": "shop1.png",
									"expanded": false,
									"spriteCssClass": "image",
									"items": null
								},
								{
									"_id": 88,
									"text": "blockade.png",
									"expanded": false,
									"spriteCssClass": "image",
									"items": null
								},
								{
									"_id": 92,
									"text": "cup4.png",
									"expanded": false,
									"spriteCssClass": "image",
									"items": null
								},
								{
									"_id": 127,
									"text": "tv1.png",
									"expanded": false,
									"spriteCssClass": "image",
									"items": null
								},
								{
									"_id": 130,
									"text": "wallet.png",
									"expanded": false,
									"spriteCssClass": "image",
									"items": null
								},
								{
									"_id": 112,
									"text": "search3.png",
									"expanded": false,
									"spriteCssClass": "image",
									"items": null
								},
								{
									"_id": 123,
									"text": "stack.png",
									"expanded": false,
									"spriteCssClass": "image",
									"items": null
								},
								{
									"_id": 110,
									"text": "phone12.png",
									"expanded": false,
									"spriteCssClass": "image",
									"items": null
								},
								{
									"_id": 97,
									"text": "heart3.png",
									"expanded": false,
									"spriteCssClass": "image",
									"items": null
								},
								{
									"_id": 87,
									"text": "big60.png",
									"expanded": false,
									"spriteCssClass": "image",
									"items": null
								},
								{
									"_id": 109,
									"text": "pen3.png",
									"expanded": false,
									"spriteCssClass": "image",
									"items": null
								},
								{
									"_id": 131,
									"text": "world5.png",
									"expanded": false,
									"spriteCssClass": "image",
									"items": null
								},
								{
									"_id": 91,
									"text": "camera7.png",
									"expanded": false,
									"spriteCssClass": "image",
									"items": null
								},
								{
									"_id": 129,
									"text": "vynil.png",
									"expanded": false,
									"spriteCssClass": "image",
									"items": null
								}
							]
						},
						{
							"_id": 81,
							"text": "flaticon.woff",
							"expanded": false,
							"spriteCssClass": "woff",
							"items": null
						},
						{
							"_id": 79,
							"text": "flaticon.svg",
							"expanded": false,
							"spriteCssClass": "svg",
							"items": null
						},
						{
							"_id": 78,
							"text": "flaticon.html",
							"expanded": false,
							"spriteCssClass": "html",
							"items": null
						},
						{
							"_id": 80,
							"text": "flaticon.ttf",
							"expanded": false,
							"spriteCssClass": "ttf",
							"items": null
						},
						{
							"_id": 132,
							"text": "svg",
							"expanded": true,
							"spriteCssClass": "folder",
							"items": [
								{
									"_id": 142,
									"text": "data3.svg",
									"expanded": false,
									"spriteCssClass": "svg",
									"items": null
								},
								{
									"_id": 171,
									"text": "sound.svg",
									"expanded": false,
									"spriteCssClass": "svg",
									"items": null
								},
								{
									"_id": 176,
									"text": "tv1.svg",
									"expanded": false,
									"spriteCssClass": "svg",
									"items": null
								},
								{
									"_id": 158,
									"text": "pen3.svg",
									"expanded": false,
									"spriteCssClass": "svg",
									"items": null
								},
								{
									"_id": 164,
									"text": "shop1.svg",
									"expanded": false,
									"spriteCssClass": "svg",
									"items": null
								},
								{
									"_id": 177,
									"text": "user12.svg",
									"expanded": false,
									"spriteCssClass": "svg",
									"items": null
								},
								{
									"_id": 159,
									"text": "phone12.svg",
									"expanded": false,
									"spriteCssClass": "svg",
									"items": null
								},
								{
									"_id": 156,
									"text": "paperplane.svg",
									"expanded": false,
									"spriteCssClass": "svg",
									"items": null
								},
								{
									"_id": 173,
									"text": "study.svg",
									"expanded": false,
									"spriteCssClass": "svg",
									"items": null
								},
								{
									"_id": 165,
									"text": "small56.svg",
									"expanded": false,
									"spriteCssClass": "svg",
									"items": null
								},
								{
									"_id": 175,
									"text": "tag6.svg",
									"expanded": false,
									"spriteCssClass": "svg",
									"items": null
								},
								{
									"_id": 136,
									"text": "big60.svg",
									"expanded": false,
									"spriteCssClass": "svg",
									"items": null
								},
								{
									"_id": 179,
									"text": "wallet.svg",
									"expanded": false,
									"spriteCssClass": "svg",
									"items": null
								},
								{
									"_id": 160,
									"text": "photo3.svg",
									"expanded": false,
									"spriteCssClass": "svg",
									"items": null
								},
								{
									"_id": 172,
									"text": "stack.svg",
									"expanded": false,
									"spriteCssClass": "svg",
									"items": null
								},
								{
									"_id": 146,
									"text": "heart3.svg",
									"expanded": false,
									"spriteCssClass": "svg",
									"items": null
								},
								{
									"_id": 149,
									"text": "like.svg",
									"expanded": false,
									"spriteCssClass": "svg",
									"items": null
								},
								{
									"_id": 140,
									"text": "camera7.svg",
									"expanded": false,
									"spriteCssClass": "svg",
									"items": null
								},
								{
									"_id": 168,
									"text": "small59.svg",
									"expanded": false,
									"spriteCssClass": "svg",
									"items": null
								},
								{
									"_id": 147,
									"text": "lab.svg",
									"expanded": false,
									"spriteCssClass": "svg",
									"items": null
								},
								{
									"_id": 174,
									"text": "t1.svg",
									"expanded": false,
									"spriteCssClass": "svg",
									"items": null
								},
								{
									"_id": 143,
									"text": "diamons.svg",
									"expanded": false,
									"spriteCssClass": "svg",
									"items": null
								},
								{
									"_id": 151,
									"text": "news.svg",
									"expanded": false,
									"spriteCssClass": "svg",
									"items": null
								},
								{
									"_id": 169,
									"text": "small60.svg",
									"expanded": false,
									"spriteCssClass": "svg",
									"items": null
								},
								{
									"_id": 135,
									"text": "big59.svg",
									"expanded": false,
									"spriteCssClass": "svg",
									"items": null
								},
								{
									"_id": 148,
									"text": "leaf5.svg",
									"expanded": false,
									"spriteCssClass": "svg",
									"items": null
								},
								{
									"_id": 137,
									"text": "blockade.svg",
									"expanded": false,
									"spriteCssClass": "svg",
									"items": null
								},
								{
									"_id": 167,
									"text": "small58.svg",
									"expanded": false,
									"spriteCssClass": "svg",
									"items": null
								},
								{
									"_id": 162,
									"text": "see.svg",
									"expanded": false,
									"spriteCssClass": "svg",
									"items": null
								},
								{
									"_id": 134,
									"text": "big58.svg",
									"expanded": false,
									"spriteCssClass": "svg",
									"items": null
								},
								{
									"_id": 178,
									"text": "vynil.svg",
									"expanded": false,
									"spriteCssClass": "svg",
									"items": null
								},
								{
									"_id": 170,
									"text": "small61.svg",
									"expanded": false,
									"spriteCssClass": "svg",
									"items": null
								},
								{
									"_id": 152,
									"text": "noodle.svg",
									"expanded": false,
									"spriteCssClass": "svg",
									"items": null
								},
								{
									"_id": 150,
									"text": "location4.svg",
									"expanded": false,
									"spriteCssClass": "svg",
									"items": null
								},
								{
									"_id": 180,
									"text": "world5.svg",
									"expanded": false,
									"spriteCssClass": "svg",
									"items": null
								},
								{
									"_id": 144,
									"text": "display14.svg",
									"expanded": false,
									"spriteCssClass": "svg",
									"items": null
								},
								{
									"_id": 141,
									"text": "cup4.svg",
									"expanded": false,
									"spriteCssClass": "svg",
									"items": null
								},
								{
									"_id": 139,
									"text": "camera6.svg",
									"expanded": false,
									"spriteCssClass": "svg",
									"items": null
								},
								{
									"_id": 155,
									"text": "paperclip2.svg",
									"expanded": false,
									"spriteCssClass": "svg",
									"items": null
								},
								{
									"_id": 157,
									"text": "parameters.svg",
									"expanded": false,
									"spriteCssClass": "svg",
									"items": null
								},
								{
									"_id": 153,
									"text": "note2.svg",
									"expanded": false,
									"spriteCssClass": "svg",
									"items": null
								},
								{
									"_id": 161,
									"text": "search3.svg",
									"expanded": false,
									"spriteCssClass": "svg",
									"items": null
								},
								{
									"_id": 145,
									"text": "fire.svg",
									"expanded": false,
									"spriteCssClass": "svg",
									"items": null
								},
								{
									"_id": 163,
									"text": "settings3.svg",
									"expanded": false,
									"spriteCssClass": "svg",
									"items": null
								},
								{
									"_id": 133,
									"text": "banknote.svg",
									"expanded": false,
									"spriteCssClass": "svg",
									"items": null
								},
								{
									"_id": 166,
									"text": "small57.svg",
									"expanded": false,
									"spriteCssClass": "svg",
									"items": null
								},
								{
									"_id": 138,
									"text": "bubble1.svg",
									"expanded": false,
									"spriteCssClass": "svg",
									"items": null
								},
								{
									"_id": 154,
									"text": "packet.svg",
									"expanded": false,
									"spriteCssClass": "svg",
									"items": null
								}
							]
						},
						{
							"_id": 82,
							"text": "license.pdf",
							"expanded": false,
							"spriteCssClass": "pdf",
							"items": null
						},
						{
							"_id": 76,
							"text": "flaticon.css",
							"expanded": false,
							"spriteCssClass": "css",
							"items": null
						},
						{
							"_id": 77,
							"text": "flaticon.eot",
							"expanded": false,
							"spriteCssClass": "eot",
							"items": null
						}
					]
				},
				{
					"_id": 188,
					"text": "js",
					"expanded": true,
					"spriteCssClass": "folder",
					"items": [
						{
							"_id": 189,
							"text": "app.js",
							"expanded": false,
							"spriteCssClass": "js",
							"items": null
						},
						{
							"_id": 196,
							"text": "jquery-2.1.0.js",
							"expanded": false,
							"spriteCssClass": "js",
							"items": null
						},
						{
							"_id": 216,
							"text": "template-menu.js",
							"expanded": false,
							"spriteCssClass": "js",
							"items": null
						},
						{
							"_id": 195,
							"text": "jquery-2.1.0.intellisense.js",
							"expanded": false,
							"spriteCssClass": "js",
							"items": null
						},
						{
							"_id": 191,
							"text": "bootstrap.min.js",
							"expanded": false,
							"spriteCssClass": "js",
							"items": null
						},
						{
							"_id": 201,
							"text": "jquery.shapeshift.min.js",
							"expanded": false,
							"spriteCssClass": "js",
							"items": null
						},
						{
							"_id": 206,
							"text": "overlay.js",
							"expanded": false,
							"spriteCssClass": "js",
							"items": null
						},
						{
							"_id": 204,
							"text": "main.js",
							"expanded": false,
							"spriteCssClass": "js",
							"items": null
						},
						{
							"_id": 217,
							"text": "tip",
							"expanded": true,
							"spriteCssClass": "folder",
							"items": [
								{
									"_id": 218,
									"text": "jquery.tooltipster.js",
									"expanded": false,
									"spriteCssClass": "js",
									"items": null
								},
								{
									"_id": 219,
									"text": "jquery.tooltipster.min.js",
									"expanded": false,
									"spriteCssClass": "js",
									"items": null
								},
								{
									"_id": 220,
									"text": "themes",
									"expanded": true,
									"spriteCssClass": "folder",
									"items": [
										{
											"_id": 222,
											"text": "tooltipster-noir.css",
											"expanded": false,
											"spriteCssClass": "css",
											"items": null
										},
										{
											"_id": 223,
											"text": "tooltipster-punk.css",
											"expanded": false,
											"spriteCssClass": "css",
											"items": null
										},
										{
											"_id": 224,
											"text": "tooltipster-shadow.css",
											"expanded": false,
											"spriteCssClass": "css",
											"items": null
										},
										{
											"_id": 221,
											"text": "tooltipster-light.css",
											"expanded": false,
											"spriteCssClass": "css",
											"items": null
										}
									]
								},
								{
									"_id": 225,
									"text": "tooltipster.css",
									"expanded": false,
									"spriteCssClass": "css",
									"items": null
								}
							]
						},
						{
							"_id": 198,
							"text": "jquery-2.1.0.min.map",
							"expanded": false,
							"spriteCssClass": "map",
							"items": null
						},
						{
							"_id": 208,
							"text": "skin-select",
							"expanded": true,
							"spriteCssClass": "folder",
							"items": [
								{
									"_id": 214,
									"text": "skin-select.css",
									"expanded": false,
									"spriteCssClass": "css",
									"items": null
								},
								{
									"_id": 212,
									"text": "jquery.cookie.js",
									"expanded": false,
									"spriteCssClass": "js",
									"items": null
								},
								{
									"_id": 209,
									"text": "img",
									"expanded": true,
									"spriteCssClass": "folder",
									"items": [
										{
											"_id": 210,
											"text": "style-toggle - Copy.png",
											"expanded": false,
											"spriteCssClass": "image",
											"items": null
										},
										{
											"_id": 211,
											"text": "style-toggle.png",
											"expanded": false,
											"spriteCssClass": "image",
											"items": null
										}
									]
								},
								{
									"_id": 213,
									"text": "skin-select-edit.js",
									"expanded": false,
									"spriteCssClass": "js",
									"items": null
								},
								{
									"_id": 215,
									"text": "skin-select.js",
									"expanded": false,
									"spriteCssClass": "js",
									"items": null
								}
							]
						},
						{
							"_id": 207,
							"text": "overlay.min.js",
							"expanded": false,
							"spriteCssClass": "js",
							"items": null
						},
						{
							"_id": 190,
							"text": "bootstrap.js",
							"expanded": false,
							"spriteCssClass": "js",
							"items": null
						},
						{
							"_id": 192,
							"text": "custom",
							"expanded": true,
							"spriteCssClass": "folder",
							"items": [
								{
									"_id": 194,
									"text": "scriptbreaker-multiple-accordion-1.js",
									"expanded": false,
									"spriteCssClass": "js",
									"items": null
								},
								{
									"_id": 193,
									"text": "accordion.js",
									"expanded": false,
									"spriteCssClass": "js",
									"items": null
								}
							]
						},
						{
							"_id": 199,
							"text": "jquery-ui.min.js",
							"expanded": false,
							"spriteCssClass": "js",
							"items": null
						},
						{
							"_id": 197,
							"text": "jquery-2.1.0.min.js",
							"expanded": false,
							"spriteCssClass": "js",
							"items": null
						},
						{
							"_id": 203,
							"text": "load.js",
							"expanded": false,
							"spriteCssClass": "js",
							"items": null
						},
						{
							"_id": 200,
							"text": "jquery.shapeshift.js",
							"expanded": false,
							"spriteCssClass": "js",
							"items": null
						},
						{
							"_id": 205,
							"text": "npm.js",
							"expanded": false,
							"spriteCssClass": "js",
							"items": null
						},
						{
							"_id": 202,
							"text": "jquery.touch-punch.min.js",
							"expanded": false,
							"spriteCssClass": "js",
							"items": null
						}
					]
				}
			]
		},
		{
			"_id": 232,
			"text": "README.md",
			"expanded": false,
			"spriteCssClass": "md",
			"items": null
		},
		{
			"_id": 231,
			"text": "LICENSE.md",
			"expanded": false,
			"spriteCssClass": "md",
			"items": null
		}
	]
}